Item,name,item_type,price,rarity,,,,,
Item,Fossilized Bug,FOSSIL,5,COMMON,,,,,
Item,Petrified Leaf,FOSSIL,2,COMMON,,,,,
Item,Petrified Twig,FOSSIL,3,COMMON,,,,,
Item,Petrified Root,FOSSIL,4,COMMON,,,,,
Item,Coprolite,FOSSIL,1,COMMON,,,,,
Item,Dinosaur Egg,FOSSIL,100,EPIC,,,,,
Item,Fossilized Skull,FOSSIL,100,EPIC,,,,,
Item,Ammonite,FOSSIL,30,RARE,,,,,
Item,Fossilized Claw,FOSSIL,45,RARE,,,,,
Item,Fossilized Tooth,FOSSIL,45,RARE,,,,,
Item,Trilobite,FOSSIL,30,RARE,,,,,
Item,Fossilized Shell,FOSSIL,50,RARE,,,,,
Item,Preserved Footprint,FOSSIL,10,UNCOMMON,,,,,
Item,Bone Fragment,FOSSIL,15,UNCOMMON,,,,,
Item,Shell Fragment,FOSSIL,15,UNCOMMON,,,,,
Item,Amber,FOSSIL,20,UNCOMMON,,,,,
Item,Rusty Spring,TECH,3,COMMON,,,,,
Item,Rusty Shaft,TECH,4,COMMON,,,,,
Item,Rusty Screw,TECH,1,COMMON,,,,,
Item,Rusty Gear,TECH,4,COMMON,,,,,
Item,Rusty Servo,TECH,6,COMMON,,,,,
Item,Rusty Gadget,TECH,12,UNCOMMON,,,,,
Item,Rusty Gizmo,TECH,12,UNCOMMON,,,,,
Item,Rusty Device,TECH,15,UNCOMMON,,,,,
Item,Petrified Engine Core,TECH,25,UNCOMMON,,,,,
Item,Petrified Motherboard,TECH,20,UNCOMMON,,,,,
Item,Petrified Comms Unit,TECH,20,UNCOMMON,,,,,
Item,Ancient Techno-Display,TECH,35,RARE,,,,,
Item,Petrified Techno-Pistol,TECH,45,RARE,,,,,
Item,Petrified Techno-Rifle,TECH,45,RARE,,,,,
Item,Ancient Magna-Handaxe,TECH,55,RARE,,,,,
Item,Ancient Magna-Mace,TECH,55,RARE,,,,,
Item,Ancient Jetboot,TECH,65,RARE,,,,,
Item,Warp Drive,TECH,175,EPIC,,,,,
Item,Raygun,TECH,157,EPIC,,,,,
Item,Hoverboard,TECH,175,EPIC,,,,,
Item,Laserblade,TECH,200,EPIC,,,,,
Item,Lovely Postcard,GIFT,40,COMMON,,,,,
Item,Beautiful Painting,GIFT,100,UNCOMMON,,,,,
Item,Lucky Rabbit's Foot,GIFT,225,RARE,,,,,
Item,Mythegg,GIFT,350,EPIC,,,,,
Item,Weird Glyph,MAGIC,3,COMMON,,,,,
Item,Weird Sigil,MAGIC,3,COMMON,,,,,
Item,Weird Rune,MAGIC,3,COMMON,,,,,
Item,Weird Trinket,MAGIC,5,COMMON,,,,,
Item,Glowy Arrowhead,MAGIC,7,COMMON,,,,,
Item,Glowy Signet,MAGIC,14,UNCOMMON,,,,,
Item,Glowy Talisman,MAGIC,14,UNCOMMON,,,,,
Item,Mysterious Staff,MAGIC,20,UNCOMMON,,,,,
Item,Rusted Helm,MAGIC,18,UNCOMMON,,,,,
Item,Rusted Gauntlet,MAGIC,16,UNCOMMON,,,,,
Item,Rusted Greave,MAGIC,16,UNCOMMON,,,,,
Item,Rusted Bracer,MAGIC,16,UNCOMMON,,,,,
Item,Rusted Pauldron,MAGIC,18,UNCOMMON,,,,,
Item,Glowy Spearhead,MAGIC,25,UNCOMMON,,,,,
Item,Glowy Earrings,MAGIC,45,RARE,,,,,
Item,Glowy Amulet,MAGIC,45,RARE,,,,,
Item,Mysterious Rod,MAGIC,60,RARE,,,,,
Item,Rusted Chainmail,MAGIC,55,RARE,,,,,
Item,Rusted Shield,MAGIC,45,RARE,,,,,
Item,Rusted Dagger,MAGIC,50,RARE,,,,,
Item,Rusted Boomerang,MAGIC,50,RARE,,,,,
Item,Mysterious Tome,MAGIC,150,EPIC,,,,,
Item,Enchanted Circlet,MAGIC,175,EPIC,,,,,
Item,Mythwand,MAGIC,200,EPIC,,,,,
Item,Mythblade,MAGIC,200,EPIC,,,,,
Item,Golden Plate,MAGIC,175,EPIC,,,,,
Item,Gooseberry,BERRY,1,COMMON,,,,,
Item,Huckleberry,BERRY,1,COMMON,,,,,
Item,Salmonberry,BERRY,1,COMMON,,,,,
Item,Blueberry,BERRY,12,RARE,,,,,
Item,Juniperberry,BERRY,10,RARE,,,,,
Item,Blackberry,BERRY,4,UNCOMMON,,,,,
Item,Mulberry,BERRY,3,UNCOMMON,,,,,
Item,Raspberry,BERRY,4,UNCOMMON,,,,,
Item,Spiceberry,BERRY,3,UNCOMMON,,,,,
Item,Mythberry,BERRY,30,EPIC,,,,,
Item,Anchovy,FISH,3,COMMON,,,,,
Item,Carp,FISH,4,COMMON,,,,,
Item,Chub,FISH,4,COMMON,,,,,
Item,Goldfish,FISH,3,COMMON,,,,,
Item,Sardine,FISH,3,COMMON,,,,,
Item,Herring,FISH,5,COMMON,,,,,
Item,Shad,FISH,6,COMMON,,,,,
Item,Trout,FISH,6,COMMON,,,,,
Item,Bass,FISH,8,COMMON,,,,,
Item,Flounder,FISH,8,COMMON,,,,,
Item,Angelfish,FISH,65,EPIC,,,,,
Item,Devilfish,FISH,65,EPIC,,,,,
Item,Catfish,FISH,30,RARE,,,,,
Item,Sturgeon,FISH,30,RARE,,,,,
Item,Octopus,FISH,35,RARE,,,,,
Item,Squid,FISH,35,RARE,,,,,
Item,Jellyfish,FISH,1,UNCOMMON,,,,,
Item,Eel,FISH,14,UNCOMMON,,,,,
Item,Perch,FISH,14,UNCOMMON,,,,,
Item,Pike,FISH,16,UNCOMMON,,,,,
Item,Halibut,FISH,18,UNCOMMON,,,,,
Item,Albacore,FISH,20,UNCOMMON,,,,,
Item,Tilapia,FISH,20,UNCOMMON,,,,,
Item,Tuna,FISH,20,UNCOMMON,,,,,
Item,Salmon,FISH,24,UNCOMMON,,,,,
Item,Daffodil,FLOWER,3,COMMON,,,,,
Item,Dandelion,FLOWER,3,COMMON,,,,,
Item,Crocus,FLOWER,4,COMMON,,,,,
Item,Sweet Pea,FLOWER,4,COMMON,,,,,
Item,Black Bat Flower,FLOWER,65,EPIC,,,,,
Item,Chocolate Cosmos,FLOWER,65,EPIC,,,,,
Item,Flame Lily,FLOWER,65,EPIC,,,,,
Item,Ghost Orchid,FLOWER,65,EPIC,,,,,
Item,Jade Vine,FLOWER,65,EPIC,,,,,
Item,White Water Lily,FLOWER,65,EPIC,,,,,
Item,Wild Carnation,FLOWER,15,RARE,,,,,
Item,Wild Poppy,FLOWER,15,RARE,,,,,
Item,Wild Safflina,FLOWER,15,RARE,,,,,
Item,Wild Rose,FLOWER,20,RARE,,,,,
Item,Wild Tulip,FLOWER,20,RARE,,,,,
Item,Wild Violet,FLOWER,20,RARE,,,,,
Item,Amaranth,FLOWER,6,UNCOMMON,,,,,
Item,Nightshade,FLOWER,6,UNCOMMON,,,,,
Item,Thistle,FLOWER,6,UNCOMMON,,,,,
Item,Wild Lily,FLOWER,8,UNCOMMON,,,,,
Item,Wild Mum,FLOWER,8,UNCOMMON,,,,,
Item,Wild Hyacinth,FLOWER,10,UNCOMMON,,,,,
Item,Wild Pansy,FLOWER,10,UNCOMMON,,,,,
Item,Wild Sunflower,FLOWER,10,UNCOMMON,,,,,
Item,Parsley,HERB,2,COMMON,,,,,
Item,Rosemary,HERB,3,COMMON,,,,,
Item,Sage,HERB,2,COMMON,,,,,
Item,Thyme,HERB,3,COMMON,,,,,
Item,Kingsfoil,HERB,50,EPIC,,,,,
Item,Saffron,HERB,40,EPIC,,,,,
Item,Cinquefoil,HERB,16,RARE,,,,,
Item,Jewelweed,HERB,18,RARE,,,,,
Item,Sassafras,HERB,14,RARE,,,,,
Item,Mint,HERB,5,UNCOMMON,,,,,
Item,Sorrel,HERB,5,UNCOMMON,,,,,
Item,Tarragon,HERB,5,UNCOMMON,,,,,
Item,Garlic,HERB,6,UNCOMMON,,,,,
Item,Ginger,HERB,6,UNCOMMON,,,,,
Item,Chamomile,HERB,7,UNCOMMON,,,,,
Item,Echinacea,HERB,7,UNCOMMON,,,,,
Item,Mugwort,HERB,7,UNCOMMON,,,,,
Item,Basalt,MINERAL,6,COMMON,,,,,
Item,Granite,MINERAL,4,COMMON,,,,,
Item,Limestone,MINERAL,4,COMMON,,,,,
Item,Sandstone,MINERAL,4,COMMON,,,,,
Item,Quartz,MINERAL,8,COMMON,,,,,
Item,Soapstone,MINERAL,6,COMMON,,,,,
Item,Diamond,MINERAL,200,EPIC,,,,,
Item,Amethyst,MINERAL,55,RARE,,,,,
Item,Jade,MINERAL,55,RARE,,,,,
Item,Pearl,MINERAL,65,RARE,,,,,
Item,Topaz,MINERAL,55,RARE,,,,,
Item,Emerald,MINERAL,75,RARE,,,,,
Item,Ruby,MINERAL,75,RARE,,,,,
Item,Sapphire,MINERAL,75,RARE,,,,,
Item,Pyrite,MINERAL,1,UNCOMMON,,,,,
Item,Slate,MINERAL,15,UNCOMMON,,,,,
Item,Malachite,MINERAL,25,UNCOMMON,,,,,
Item,Marble,MINERAL,15,UNCOMMON,,,,,
Item,Neptunite,MINERAL,25,UNCOMMON,,,,,
Item,Hematite,MINERAL,20,UNCOMMON,,,,,
Item,Jasper,MINERAL,20,UNCOMMON,,,,,
Item,Obsidian,MINERAL,25,UNCOMMON,,,,,
Item,Opal,MINERAL,30,UNCOMMON,,,,,
Item,Aquamarine,MINERAL,35,UNCOMMON,,,,,
,,,,,,,,,
Item,name,item_type,price,rarity,growth_days,effort_time,,,
Item,Weedbulb Seed,SEED,1,COMMON,1,15,,,
Item,Cool Lettuce Seed,SEED,2,UNCOMMON,2,20,,,
Item,Spice Carrot Seed,SEED,3,UNCOMMON,2,25,,,
Item,Earth Yam Seed,SEED,4,UNCOMMON,2,30,,,
Item,Lightning Artichoke Seed,SEED,5,RARE,1,60,,,
Item,Hallowed Pumpkin Seed,SEED,6,RARE,3,30,,,
Item,Mythfruit Seed,SEED,7,EPIC,2,45,,,
,,,,,,,,,
Place,name,image_path,place_type,has_inventory,,,,,
Place,The Farm,farm-kz.jpeg,FARM,True,,,,,
Place,Old Town,town-kz.jpeg,TOWN,False,,,,,
Place,Darklight Forest,forest-kz.jpeg,FOREST,False,,,,,
Place,Misting Mountains,mountains-kz.jpeg,MOUNTAIN,False,,,,,
Place,Bric-a-Brackish Beach,beach-kz.jpeg,BEACH,False,,,,,
,,,,,,,,,
Bridge,fk__place__place_1,fk__place__place_2,direction_1,direction_2,,,,,
Bridge,The Farm,Darklight Forest,NORTH,SOUTH,,,,,
Bridge,The Farm,Old Town,WEST,EAST,,,,,
Bridge,Old Town,Misting Mountains,SOUTH,NORTH,,,,,
Bridge,Old Town,Bric-a-Brackish Beach,NORTH,SOUTH,,,,,
,,,,,,,,,
Building,name,image_path,place_type,fk__place__surround,has_inventory,over,down,opening_time,closing_time
Building,lil farmhouse,farmhouse-interior-kz.jpeg,HOME,The Farm,True,2,2,skip,skip
Building,mom and pop shop,shop-kz.jpeg,SHOP,Old Town,True,2,2,420,1380
Building,town hall pub and grill,town-hall-kz.jpeg,HOME,Old Town,False,3,3,720,1435
Building,charming victorian,charming-victorian-kz.jpeg,HOME,Old Town,False,3,1,480,1200
Building,quite big log cabin,log-cabin-kz.jpeg,HOME,Darklight Forest,False,1,3,840,1435
Building,oak tree duplex,oak-duplex-kz.jpeg,HOME,Darklight Forest,False,1,1,480,1320
Building,comfortable beach shack,beachhouse-kz.jpeg,HOME,Bric-a-Brackish Beach,False,1,3,600,1080
Building,house-sized clamshell,clamshell-house-kz.jpeg,HOME,Bric-a-Brackish Beach,False,3,3,skip,skip
Building,cozy cavern,cozy-cavern-kz.jpeg,HOME,Misting Mountains,False,1,2,480,1380
Building,stonework chalet,stonework-cottage-kz.jpeg,HOME,Misting Mountains,False,3,3,660,1320
Building,spoopy cave system,spoopy-cave-kz.jpeg,HOME,Misting Mountains,False,3,1,skip,skip
,,,,,,,,,
Villager,name,full_name,description,fk__building__home,goc_m2m__item_type_preference__item_type_preferences,friendliness,image_path,,
Villager,Donatella,Donatella Fortlescue,"Elderly turtle person who is kind and generous, loves making soup, and believes in supporting people to reach their best",charming victorian,"CROP: LOVE, BERRY: LIKE, HERB: LIKE, FLOWER: LIKE, FISH: LIKE, FOSSIL: LIKE, MINERAL: LIKE, TECH: LIKE, MAGIC: LIKE, SEED: HATE, GIFT: LOVE",7,donatella.jpg,,
Villager,Vir,Vir Smith,"Local investigator and single dad, with a gravelly voice and a wry wit, whose cases run the gamut from weird to super weird",charming victorian,"CROP: LOVE, BERRY: NEUTRAL, HERB: NEUTRAL, FLOWER: NEUTRAL, FISH: DISLIKE, FOSSIL: LIKE, MINERAL: LIKE, TECH: LOVE, MAGIC: LOVE, SEED: HATE, GIFT: LOVE",4,vir.jpg,,
Villager,Vida,Vida Smith,"Elementary-aged girl who likes unicorns and braiding flowers into her hair, and worries about her dad and brother",charming victorian,"CROP: DISLIKE, BERRY: LIKE, HERB: LIKE, FLOWER: LOVE, FISH: HATE, FOSSIL: HATE, MINERAL: NEUTRAL, TECH: DISLIKE, MAGIC: DISLIKE, SEED: HATE, GIFT: LOVE",3,vida.jpg,,
Villager,Joss,Joss Smith,Kindergarten-aged boy who likes splashing in mud puddles and chomping on berries as loud as he can in his sister's face,charming victorian,"CROP: DISLIKE, BERRY: LOVE, HERB: HATE, FLOWER: DISLIKE, FISH: DISLIKE, FOSSIL: LIKE, MINERAL: LIKE, TECH: LIKE, MAGIC: LIKE, SEED: HATE, GIFT: LOVE",2,joss.jpg,,
Villager,Samyel,Samyel Eschbringer,High-fantasy hero teenager who is taking a vacation from his campaign but is always on the lookout for sweet loot,comfortable beach shack,"CROP: LOVE, BERRY: NEUTRAL, HERB: NEUTRAL, FLOWER: DISLIKE, FISH: LIKE, FOSSIL: NEUTRAL, MINERAL: NEUTRAL, TECH: HATE, MAGIC: LOVE, SEED: HATE, GIFT: LOVE",2,samyel.jpg,,
Villager,Tourmaline,none,"Towering rock giant with a quiet and understanding presence, who's always happy to make herbal tea for her guests",cozy cavern,"CROP: LIKE, BERRY: LIKE, HERB: LOVE, FLOWER: LIKE, FISH: DISLIKE, FOSSIL: LIKE, MINERAL: LOVE, TECH: DISLIKE, MAGIC: LIKE, SEED: HATE, GIFT: LOVE",6,tourmaline.jpg,,
Villager,Daffodil,Daffodil Symendian,"Blue-skinned alien and gizmo-collector on a writing retreat, trying to pass as human but not fooling anyone ",house-sized clamshell,"CROP: HATE, BERRY: NEUTRAL, HERB: NEUTRAL, FLOWER: LOVE, FISH: LIKE, FOSSIL: LIKE, MINERAL: LIKE, TECH: LOVE, MAGIC: DISLIKE, SEED: HATE, GIFT: LOVE",3,daffodil.jpg,,
Villager,Angie,none,"Retired angel with the soul of a cowboy-warrior-poet, seeking beauty wherever she goes armed with a halo and six shooter",mom and pop shop,"CROP: LIKE, BERRY: NEUTRAL, HERB: NEUTRAL, FLOWER: LOVE, FISH: DISLIKE, FOSSIL: NEUTRAL, MINERAL: LOVE, TECH: DISLIKE, MAGIC: LIKE, SEED: HATE, GIFT: LOVE",5,angie.jpg,,
Villager,Dev,none,"Retired devil running the general store, with a meticulous eye for objects of power, a buttoned up suit, and a faint smell of brimstone",mom and pop shop,"CROP: LIKE, BERRY: DISLIKE, HERB: NEUTRAL, FLOWER: DISLIKE, FISH: DISLIKE, FOSSIL: NEUTRAL, MINERAL: NEUTRAL, TECH: HATE, MAGIC: LOVE, SEED: HATE, GIFT: LOVE",4,dev.jpg,,
Villager,Trix,Trix the Rabbit,Anthropomorphic 6-foot tall rabbit who burrows throughout the town and playing light-hearted pranks. He loves everything!,none,"CROP: LOVE, BERRY: LOVE, HERB: LOVE, FLOWER: LOVE, FISH: LOVE, FOSSIL: LOVE, MINERAL: LOVE, TECH: LOVE, MAGIC: LOVE, SEED: HATE, GIFT: LOVE",6,trix.jpg,,
Villager,Damey,Damey Hoodiehome,Hobbit middle-child of 9 and natural peacemaker trying to blossom into a life on their own among nature and friends  ,oak tree duplex,"CROP: LOVE, BERRY: LIKE, HERB: LIKE, FLOWER: LOVE, FISH: DISLIKE, FOSSIL: NEUTRAL, MINERAL: NEUTRAL, TECH: NEUTRAL, MAGIC: NEUTRAL, SEED: HATE, GIFT: LOVE",5,damey.jpg,,
Villager,Wren,Wren Feathernest,Shy 3-foot high bird person who keeps to herself and gathers herbs in the forest,oak tree duplex,"CROP: LOVE, BERRY: LIKE, HERB: LOVE, FLOWER: LIKE, FISH: DISLIKE, FOSSIL: DISLIKE, MINERAL: DISLIKE, TECH: DISLIKE, MAGIC: DISLIKE, SEED: HATE, GIFT: LOVE",3,wren.jpg,,
Villager,Bjölf,Bjölf Bjölfsen,"Gruff hairy beast man who keeps to himself, rumored to be the forest's magical protector",quite big log cabin,"CROP: LOVE, BERRY: NEUTRAL, HERB: LIKE, FLOWER: NEUTRAL, FISH: LIKE, FOSSIL: NEUTRAL, MINERAL: NEUTRAL, TECH: HATE, MAGIC: LOVE, SEED: HATE, GIFT: LOVE",1,bjolf.jpg,,
Villager,Bonbon,Bonbon X. Skellington,"Gregarious six-armed three-spirited skeleton with a ""how can I/we help!"" attitude — no bones about it!",spoopy cave system,"CROP: LIKE, BERRY: LIKE, HERB: LIKE, FLOWER: LIKE, FISH: NEUTRAL, FOSSIL: LOVE, MINERAL: LIKE, TECH: LIKE, MAGIC: LIKE, SEED: HATE, GIFT: LOVE",5,bonbon.jpg,,
Villager,Zuck,Zuck (no relation),No relation. A walking corpse and pescatarian who's practicing looking on the bright side of things for Bonbon's sake,spoopy cave system,"CROP: HATE, BERRY: HATE, HERB: HATE, FLOWER: HATE, FISH: LOVE, FOSSIL: NEUTRAL, MINERAL: NEUTRAL, TECH: LIKE, MAGIC: LIKE, SEED: HATE, GIFT: LOVE",4,zuck.jpg,,
Villager,Bayla,Bayla Stoutstein,"Dwarven woman with a complicated view of tradition who's laying the foundation for her own workings, stone and otherwise",stonework chalet,"CROP: LOVE, BERRY: DISLIKE, HERB: DISLIKE, FLOWER: DISLIKE, FISH: DISLIKE, FOSSIL: LIKE, MINERAL: LOVE, TECH: NEUTRAL, MAGIC: LIKE, SEED: HATE, GIFT: LOVE",4,bayla.jpg,,
Villager,Light,Hypermayor Light 1.1.5,"Hyperefficient and hyper-lean robot mayor and avid technological optimizer, with an air of unintentional goofiness",town hall pub and grill,"CROP: LIKE, BERRY: DISLIKE, HERB: DISLIKE, FLOWER: DISLIKE, FISH: LIKE, FOSSIL: NEUTRAL, MINERAL: NEUTRAL, TECH: LOVE, MAGIC: HATE, SEED: HATE, GIFT: LOVE",4,light.jpg,,
,,,,,,,,,
Achievement,achievement_type,trigger_type,name,description,threshold,threshold_day_number,fk__villager__villager,,
Achievement,ALL_VILLAGERS_HEARTS,GAIN_HEARTS,Got Acquainted,Got to 1 ❤️ with all villagers,1,skip,skip,,
Achievement,ALL_VILLAGERS_HEARTS,GAIN_HEARTS,Well-Known,Got to 2 ❤️ with all villagers,2,skip,skip,,
Achievement,ALL_VILLAGERS_HEARTS,GAIN_HEARTS,Well-Liked,Got to 3 ❤️ with all villagers,3,skip,skip,,
Achievement,ALL_VILLAGERS_HEARTS,GAIN_HEARTS,Inner Circle,Got to 4 ❤️ with all villagers,4,skip,skip,,
Achievement,ALL_VILLAGERS_HEARTS,GAIN_HEARTS,Universally Loved,Got to 5 ❤️ with all villagers,5,skip,skip,,
Achievement,MULTIPLE_BEST_FRIENDS,GAIN_HEARTS,Cliques,Got to 5 ❤️ with 4 villagers,4,skip,skip,,
Achievement,MULTIPLE_BEST_FRIENDS,GAIN_HEARTS,Networking,Got to 5 ❤️ with 8 villagers,8,skip,skip,,
Achievement,MULTIPLE_BEST_FRIENDS,GAIN_HEARTS,Popular,Got to 5 ❤️ with 12 villagers,12,skip,skip,,
Achievement,BEST_FRIENDS,GAIN_HEARTS,Best Friends: Donatella,Got to 5 ❤️ with Donatella,skip,skip,Donatella,,
Achievement,BEST_FRIENDS,GAIN_HEARTS,Best Friends: Vir,Got to 5 ❤️ with Vir,skip,skip,Vir,,
Achievement,BEST_FRIENDS,GAIN_HEARTS,Best Friends: Vida,Got to 5 ❤️ with Vida,skip,skip,Vida,,
Achievement,BEST_FRIENDS,GAIN_HEARTS,Best Friends: Joss,Got to 5 ❤️ with Joss,skip,skip,Joss,,
Achievement,BEST_FRIENDS,GAIN_HEARTS,Best Friends: Samyel,Got to 5 ❤️ with Samyel,skip,skip,Samyel,,
Achievement,BEST_FRIENDS,GAIN_HEARTS,Best Friends: Tourmaline,Got to 5 ❤️ with Tourmaline,skip,skip,Tourmaline,,
Achievement,BEST_FRIENDS,GAIN_HEARTS,Best Friends: Daffodil,Got to 5 ❤️ with Daffodil,skip,skip,Daffodil,,
Achievement,BEST_FRIENDS,GAIN_HEARTS,Best Friends: Angie,Got to 5 ❤️ with Angie,skip,skip,Angie,,
Achievement,BEST_FRIENDS,GAIN_HEARTS,Best Friends: Dev,Got to 5 ❤️ with Dev,skip,skip,Dev,,
Achievement,BEST_FRIENDS,GAIN_HEARTS,Best Friends: Trix,Got to 5 ❤️ with Trix,skip,skip,Trix,,
Achievement,BEST_FRIENDS,GAIN_HEARTS,Best Friends: Damey,Got to 5 ❤️ with Damey,skip,skip,Damey,,
Achievement,BEST_FRIENDS,GAIN_HEARTS,Best Friends: Wren,Got to 5 ❤️ with Wren,skip,skip,Wren,,
Achievement,BEST_FRIENDS,GAIN_HEARTS,Best Friends: Bjölf,Got to 5 ❤️ with Bjölf,skip,skip,Bjölf,,
Achievement,BEST_FRIENDS,GAIN_HEARTS,Best Friends: Bonbon,Got to 5 ❤️ with Bonbon,skip,skip,Bonbon,,
Achievement,BEST_FRIENDS,GAIN_HEARTS,Best Friends: Zuck,Got to 5 ❤️ with Zuck,skip,skip,Zuck,,
Achievement,BEST_FRIENDS,GAIN_HEARTS,Best Friends: Bayla,Got to 5 ❤️ with Bayla,skip,skip,Bayla,,
Achievement,BEST_FRIENDS,GAIN_HEARTS,Best Friends: Light,Got to 5 ❤️ with Light,skip,skip,Light,,
Achievement,FAST_FRIENDS,GAIN_HEARTS,Grandma Turtle,Made best friends with Donatella in three days!,skip,3,Donatella,,
Achievement,FAST_FRIENDS,GAIN_HEARTS,I'll Look Into It For You,Made best friends with Vir in three days!,skip,3,Vir,,
Achievement,FAST_FRIENDS,GAIN_HEARTS,Omigosh Yay!,Made best friends with Vida in three days!,skip,3,Vida,,
Achievement,FAST_FRIENDS,GAIN_HEARTS,Wow Gee Thanks!,Made best friends with Joss in three days!,skip,3,Joss,,
Achievement,FAST_FRIENDS,GAIN_HEARTS,Crusader of Awesome,Made best friends with Samyel in three days!,skip,3,Samyel,,
Achievement,FAST_FRIENDS,GAIN_HEARTS,"Friend, Good.",Made best friends with Tourmaline in three days!,skip,3,Tourmaline,,
Achievement,FAST_FRIENDS,GAIN_HEARTS,Not So Alien After All,Made best friends with Daffodil in three days!,skip,3,Daffodil,,
Achievement,FAST_FRIENDS,GAIN_HEARTS,An Angel Gets Her Wings,Made best friends with Angie in three days!,skip,3,Angie,,
Achievement,FAST_FRIENDS,GAIN_HEARTS,Deal with the Devil,Made best friends with Dev in three days!,skip,3,Dev,,
Achievement,FAST_FRIENDS,GAIN_HEARTS,Rabbit Whisperer,Made best friends with Trix in three days!,skip,3,Trix,,
Achievement,FAST_FRIENDS,GAIN_HEARTS,Happy as a Hobbit,Made best friends with Damey in three days!,skip,3,Damey,,
Achievement,FAST_FRIENDS,GAIN_HEARTS,Birds of a Feather,Made best friends with Wren in three days!,skip,3,Wren,,
Achievement,FAST_FRIENDS,GAIN_HEARTS,Watcher of the Forest,Made best friends with Bjölf in three days!,skip,3,Bjölf,,
Achievement,FAST_FRIENDS,GAIN_HEARTS,Bone Buddy,Made best friends with Bonbon in three days!,skip,3,Bonbon,,
Achievement,FAST_FRIENDS,GAIN_HEARTS,Zombie Zaddy,Made best friends with Zuck in three days!,skip,3,Zuck,,
Achievement,FAST_FRIENDS,GAIN_HEARTS,Dwarfheart,Made best friends with Bayla in three days!,skip,3,Bayla,,
Achievement,FAST_FRIENDS,GAIN_HEARTS,Domo Arigato Ms. Roboto,Made best friends with Light in three days!,skip,3,Light,,
Achievement,STEADFAST_FRIENDS,TALK_TO_VILLAGERS,Turtle Listener,Talked to Donatella every day of the week,7,skip,Donatella,,
Achievement,STEADFAST_FRIENDS,TALK_TO_VILLAGERS,Dad Listener,Talked to Vir every day of the week,7,skip,Vir,,
Achievement,STEADFAST_FRIENDS,TALK_TO_VILLAGERS,Kiddette Listener,Talked to Vida every day of the week,7,skip,Vida,,
Achievement,STEADFAST_FRIENDS,TALK_TO_VILLAGERS,Kiddo Listener,Talked to Joss every day of the week,7,skip,Joss,,
Achievement,STEADFAST_FRIENDS,TALK_TO_VILLAGERS,Hero Listener,Talked to Samyel every day of the week,7,skip,Samyel,,
Achievement,STEADFAST_FRIENDS,TALK_TO_VILLAGERS,Rock Listener,Talked to Tourmaline every day of the week,7,skip,Tourmaline,,
Achievement,STEADFAST_FRIENDS,TALK_TO_VILLAGERS,Alien Listener,Talked to Daffodil every day of the week,7,skip,Daffodil,,
Achievement,STEADFAST_FRIENDS,TALK_TO_VILLAGERS,Angel Listener,Talked to Angie every day of the week,7,skip,Angie,,
Achievement,STEADFAST_FRIENDS,TALK_TO_VILLAGERS,Devil Listener,Talked to Dev every day of the week,7,skip,Dev,,
Achievement,STEADFAST_FRIENDS,TALK_TO_VILLAGERS,Rabbit Listener,Talked to Trix every day of the week,7,skip,Trix,,
Achievement,STEADFAST_FRIENDS,TALK_TO_VILLAGERS,Hobbit Listener,Talked to Damey every day of the week,7,skip,Damey,,
Achievement,STEADFAST_FRIENDS,TALK_TO_VILLAGERS,Bird Listener,Talked to Wren every day of the week,7,skip,Wren,,
Achievement,STEADFAST_FRIENDS,TALK_TO_VILLAGERS,Warden Listener,Talked to Bjölf every day of the week,7,skip,Bjölf,,
Achievement,STEADFAST_FRIENDS,TALK_TO_VILLAGERS,Skellington Listener,Talked to Bonbon every day of the week,7,skip,Bonbon,,
Achievement,STEADFAST_FRIENDS,TALK_TO_VILLAGERS,Zombie Listener,Talked to Zuck every day of the week,7,skip,Zuck,,
Achievement,STEADFAST_FRIENDS,TALK_TO_VILLAGERS,Dwarf Listener,Talked to Bayla every day of the week,7,skip,Bayla,,
Achievement,STEADFAST_FRIENDS,TALK_TO_VILLAGERS,Robot Listener,Talked to Light every day of the week,7,skip,Light,,
Achievement,BESTEST_FRIENDS,GAIN_ACHIEVEMENT,Bestest Friends,"Got ""Best Friends"" with all villagers",17,skip,skip,,
Achievement,FASTEST_FRIENDS,GAIN_ACHIEVEMENT,Fastest Friends,"Got ""Fast Friends"" with all villagers",17,skip,skip,,
Achievement,STEADFASTEST_FRIENDS,GAIN_ACHIEVEMENT,Steadfastest Friends,"Got ""Steadfast Friends"" with all villagers",17,skip,skip,,
Achievement,GROSS_INCOME,EARN_MONEY,Greenhorn,Earn ⚜️500️,500,skip,skip,,
Achievement,GROSS_INCOME,EARN_MONEY,Cowpoke,Earn ⚜️1000️,1000,skip,skip,,
Achievement,GROSS_INCOME,EARN_MONEY,Homesteader,Earn ⚜️2000️,2000,skip,skip,,
Achievement,GROSS_INCOME,EARN_MONEY,Three-K Club,Earn ⚜️3000️,3000,skip,skip,,
Achievement,GROSS_INCOME,EARN_MONEY,Legend,Earn ⚜️5000,5000,skip,skip,,
Achievement,FAST_CASH,EARN_MONEY,Fash Cash: Monday,Earn ⚜️200️ on Monday,200,1,skip,,
Achievement,FAST_CASH,EARN_MONEY,Fast Cash: Tuesday,Earn ⚜️500️ by Tuesday,500,2,skip,,
Achievement,FAST_CASH,EARN_MONEY,Fast Cash: Wednesday,Earn ⚜️1000 by Wednesday,1000,3,skip,,
Achievement,FAST_CASH,EARN_MONEY,Fast Cash: Thursday,Earn ⚜️1500️ by Thursday,1500,4,skip,,
Achievement,FAST_CASH,EARN_MONEY,Fast Cash: Friday,Earn ⚜️2500️ by Friday,2500,5,skip,,
Achievement,BALANCED_INCOME,EARN_MONEY,Renaissance Novice,"Earn ⚜️100️ from farming, foraging, mining, & fishing",100,skip,skip,,
Achievement,BALANCED_INCOME,EARN_MONEY,Renaissance Intermediate,"Earn ⚜️200️ from farming, foraging, mining, & fishing",200,skip,skip,,
Achievement,BALANCED_INCOME,EARN_MONEY,Renaissance Expert,"Earn ⚜️300️ from farming, foraging, mining, & fishing",300,skip,skip,,
Achievement,BALANCED_INCOME,EARN_MONEY,Renaissance Elite,"Earn ⚜️500️ from farming, foraging, mining, & fishing",500,skip,skip,,
Achievement,BALANCED_INCOME,EARN_MONEY,Renaissance Legend,"Earn ⚜️750️ from farming, foraging, mining, & fishing",750,skip,skip,,
Achievement,FARMING_INTAKE,HARVEST,Novice Farmer,Harvest ⚜️800 worth of crops,800,skip,skip,,
Achievement,FARMING_INTAKE,HARVEST,Advanced Farmer,Harvest ⚜️1200 worth of crops,1200,skip,skip,,
Achievement,FARMING_INTAKE,HARVEST,Elite Farmer,Harvest ⚜️1600 worth of crops,1600,skip,skip,,
Achievement,FARMING_INTAKE,HARVEST,Legendary Farmer,Harvest ⚜️2000 worth of crops,2000,skip,skip,,
Achievement,MINING_INTAKE,GATHER,Novice Miner,Dig up ⚜️250️ worth of buried goods,250,skip,skip,,
Achievement,MINING_INTAKE,GATHER,Advanced Miner,Dig up ⚜️500️ worth of buried goods,500,skip,skip,,
Achievement,MINING_INTAKE,GATHER,Elite Miner,Dig up ⚜️1000 worth of buried goods,1000,skip,skip,,
Achievement,MINING_INTAKE,GATHER,Legendary Miner,Dig up ⚜️2000 worth of buried goods,2000,skip,skip,,
Achievement,FISHING_INTAKE,GATHER,Novice Fisher,Catch ⚜️250️ worth of fish,250,skip,skip,,
Achievement,FISHING_INTAKE,GATHER,Advanced Fisher,Catch ⚜️500️ worth of fish,500,skip,skip,,
Achievement,FISHING_INTAKE,GATHER,Elite Fisher,Catch ⚜️1000 worth of fish,1000,skip,skip,,
Achievement,FISHING_INTAKE,GATHER,Legendary Fisher,Catch ⚜️2000 worth of fish,2000,skip,skip,,
Achievement,FORAGING_INTAKE,GATHER,Novice Gatherer,Gather ⚜️200 worth of forageables,200,skip,skip,,
Achievement,FORAGING_INTAKE,GATHER,Advanced Gatherer,Gather ⚜️400 worth of forageables,400,skip,skip,,
Achievement,FORAGING_INTAKE,GATHER,Elite Gatherer,Gather ⚜️800 worth of forageables,800,skip,skip,,
Achievement,FORAGING_INTAKE,GATHER,Legendary Gatherer,Gather ⚜️1600 worth of forageables,1600,skip,skip,,
,,,,,,,,,
,,,,,,,,,
PopulateShopEvent,day,is_daily,time,content_config_list,,,,,
PopulateShopEvent,MON,False,361,"[{""item_name"":""Weedbulb Seed""}]",,,,,
PopulateShopEvent,TUE,False,360,"[{""item_name"":""Weedbulb Seed""}, {""item_name"":""Cool Lettuce Seed""}, {""item_name"":""Spice Carrot Seed""}, {""item_name"":""Earth Yam Seed""}, {""item_name"":""Lovely Postcard"",""quantity"":1}]",,,,,
PopulateShopEvent,WED,False,360,"[{""item_name"":""Cool Lettuce Seed""}, {""item_name"":""Spice Carrot Seed""}, {""item_name"":""Earth Yam Seed""},{""merch_type"":""MINOR"",""quantity"":3},{""item_name"":""Lovely Postcard"",""quantity"":3}]",,,,,
PopulateShopEvent,THU,False,360,"[{""item_name"":""Lightning Artichoke Seed""}, {""item_name"":""Hallowed Pumpkin Seed""}, {""merch_type"":""MINOR"",""quantity"":3},{""merch_type"":""MEDIUM"",""quantity"":3},{""item_name"":""Lovely Postcard"",""quantity"":3},{""item_name"":""Beautiful Painting"",""quantity"":1}]",,,,,
PopulateShopEvent,FRI,False,360,"[{""item_name"":""Mythfruit Seed""},{""merch_type"":""MINOR"",""quantity"":3},{""merch_type"":""MEDIUM"",""quantity"":3},{""merch_type"":""MAJOR"",""quantity"":2},{""item_name"":""Beautiful Painting"",""quantity"":3}]",,,,,
PopulateShopEvent,SAT,False,360,"[{""merch_type"":""MINOR"",""quantity"":3}, {""merch_type"":""MEDIUM"",""quantity"":3},{""merch_type"":""MAJOR"",""quantity"":2},{""merch_type"":""GRAND"",""quantity"":1},{""item_name"":""Beautiful Painting"",""quantity"":3},{""item_name"":""Lucky Rabbit's Foot"",""quantity"":1}]",,,,,
PopulateShopEvent,SUN,False,360,"[{""merch_type"":""MAJOR"",""quantity"":2},{""merch_type"":""GRAND"",""quantity"":1},{""merch_type"":""GRAND"",""quantity"":1},{""merch_type"":""SUPREME"",""quantity"":1},{""item_name"":""Lucky Rabbit's Foot"",""quantity"":3},{""item_name"":""Mythegg"",""quantity"":1}]",,,,,
,,,,,,,,,
VillagerAppearsEvent,day,is_daily,time,fk__place__place,fk__villager__villager,,,,
VillagerAppearsEvent,null,True,600,Old Town,Vir,,,,
VillagerAppearsEvent,null,True,840,charming victorian,Vir,,,,
VillagerAppearsEvent,null,True,1200,town hall pub and grill,Vir,,,,
VillagerAppearsEvent,null,True,1410,charming victorian,Vir,,,,
VillagerAppearsEvent,null,True,600,Old Town,Joss,,,,
VillagerAppearsEvent,null,True,840,charming victorian,Joss,,,,
VillagerAppearsEvent,null,True,600,Old Town,Vida,,,,
VillagerAppearsEvent,null,True,840,charming victorian,Vida,,,,
VillagerAppearsEvent,WED,False,870,Old Town,Vida,,,,
VillagerAppearsEvent,WED,False,900,The Farm,Vida,,,,
VillagerAppearsEvent,WED,False,930,Darklight Forest,Vida,,,,
VillagerAppearsEvent,WED,False,1050,The Farm,Vida,,,,
VillagerAppearsEvent,WED,False,1080,Old Town,Vida,,,,
VillagerAppearsEvent,WED,False,1110,charming victorian,Vida,,,,
VillagerAppearsEvent,null,True,360,Old Town,Light,,,,
VillagerAppearsEvent,null,True,540,mom and pop shop,Light,,,,
VillagerAppearsEvent,null,True,660,town hall pub and grill,Light,,,,
VillagerAppearsEvent,null,True,960,mom and pop shop,Light,,,,
VillagerAppearsEvent,null,True,1020,town hall pub and grill,Light,,,,
VillagerAppearsEvent,null,True,840,Old Town,Dev,,,,
VillagerAppearsEvent,null,True,870,Misting Mountains,Dev,,,,
VillagerAppearsEvent,null,True,900,spoopy cave system,Dev,,,,
VillagerAppearsEvent,null,True,990,Misting Mountains,Dev,,,,
VillagerAppearsEvent,null,True,1020,Old Town,Dev,,,,
VillagerAppearsEvent,null,True,1050,mom and pop shop,Dev,,,,
VillagerAppearsEvent,null,True,1320,town hall pub and grill,Dev,,,,
VillagerAppearsEvent,null,True,1435,mom and pop shop,Dev,,,,
VillagerAppearsEvent,SUN,False,720,Old Town,Dev,,,,
VillagerAppearsEvent,null,True,360,Old Town,Angie,,,,
VillagerAppearsEvent,null,True,390,Bric-a-Brackish Beach,Angie,,,,
VillagerAppearsEvent,null,True,540,Old Town,Angie,,,,
VillagerAppearsEvent,null,True,570,mom and pop shop,Angie,,,,
VillagerAppearsEvent,null,True,600,Old Town,Angie,,,,
VillagerAppearsEvent,null,True,630,The Farm,Angie,,,,
VillagerAppearsEvent,null,True,660,Darklight Forest,Angie,,,,
VillagerAppearsEvent,null,True,780,The Farm,Angie,,,,
VillagerAppearsEvent,null,True,810,Old Town,Angie,,,,
VillagerAppearsEvent,null,True,840,mom and pop shop,Angie,,,,
VillagerAppearsEvent,TUE,False,390,The Farm,Angie,,,,
VillagerAppearsEvent,TUE,False,420,Darklight Forest,Angie,,,,
VillagerAppearsEvent,TUE,False,480,oak tree duplex,Angie,,,,
VillagerAppearsEvent,TUE,False,540,oak tree duplex,Angie,,,,
VillagerAppearsEvent,TUE,False,570,oak tree duplex,Angie,,,,
VillagerAppearsEvent,TUE,False,600,oak tree duplex,Angie,,,,
VillagerAppearsEvent,TUE,False,630,oak tree duplex,Angie,,,,
VillagerAppearsEvent,TUE,False,660,oak tree duplex,Angie,,,,
VillagerAppearsEvent,TUE,False,720,Darklight Forest,Angie,,,,
VillagerAppearsEvent,null,True,660,Bric-a-Brackish Beach,Samyel,,,,
VillagerAppearsEvent,null,True,690,Old Town,Samyel,,,,
VillagerAppearsEvent,null,True,720,Misting Mountains,Samyel,,,,
VillagerAppearsEvent,null,True,900,Old Town,Samyel,,,,
VillagerAppearsEvent,null,True,930,Bric-a-Brackish Beach,Samyel,,,,
VillagerAppearsEvent,null,True,960,comfortable beach shack,Samyel,,,,
VillagerAppearsEvent,null,True,1080,Bric-a-Brackish Beach,Samyel,,,,
VillagerAppearsEvent,null,True,1110,Old Town,Samyel,,,,
VillagerAppearsEvent,null,True,1140,town hall pub and grill,Samyel,,,,
VillagerAppearsEvent,null,True,1320,Old Town,Samyel,,,,
VillagerAppearsEvent,null,True,1350,Bric-a-Brackish Beach,Samyel,,,,
VillagerAppearsEvent,null,True,1380,comfortable beach shack,Samyel,,,,
VillagerAppearsEvent,TUE,False,750,stonework chalet,Samyel,,,,
VillagerAppearsEvent,TUE,False,840,Misting Mountains,Samyel,,,,
VillagerAppearsEvent,null,True,360,Darklight Forest,Bjölf,,,,
VillagerAppearsEvent,null,True,480,null,Bjölf,,,,
VillagerAppearsEvent,null,True,720,Darklight Forest,Bjölf,,,,
VillagerAppearsEvent,null,True,840,quite big log cabin,Bjölf,,,,
VillagerAppearsEvent,THU,False,480,The Farm,Bjölf,,,,
VillagerAppearsEvent,THU,False,510,Old Town,Bjölf,,,,
VillagerAppearsEvent,THU,False,540,Misting Mountains,Bjölf,,,,
VillagerAppearsEvent,THU,False,660,stonework chalet,Bjölf,,,,
VillagerAppearsEvent,THU,False,720,stonework chalet,Bjölf,,,,
VillagerAppearsEvent,THU,False,780,Misting Mountains,Bjölf,,,,
VillagerAppearsEvent,THU,False,810,Old Town,Bjölf,,,,
VillagerAppearsEvent,THU,False,840,The Farm,Bjölf,,,,
VillagerAppearsEvent,THU,False,870,Darklight Forest,Bjölf,,,,
VillagerAppearsEvent,THU,False,900,quite big log cabin,Bjölf,,,,
VillagerAppearsEvent,null,True,1020,Bric-a-Brackish Beach,Daffodil,,,,
VillagerAppearsEvent,null,True,1170,house-sized clamshell,Daffodil,,,,
VillagerAppearsEvent,MON,False,720,Bric-a-Brackish Beach,Daffodil,,,,
VillagerAppearsEvent,MON,False,750,Old Town,Daffodil,,,,
VillagerAppearsEvent,MON,False,780,mom and pop shop,Daffodil,,,,
VillagerAppearsEvent,MON,False,840,Old Town,Daffodil,,,,
VillagerAppearsEvent,MON,False,870,Bric-a-Brackish Beach,Daffodil,,,,
VillagerAppearsEvent,MON,False,900,house-sized clamshell,Daffodil,,,,
VillagerAppearsEvent,SAT,False,600,Bric-a-Brackish Beach,Daffodil,,,,
VillagerAppearsEvent,SAT,False,660,null,Daffodil,,,,
VillagerAppearsEvent,SAT,False,960,Bric-a-Brackish Beach,Daffodil,,,,
VillagerAppearsEvent,SAT,False,990,house-sized clamshell,Daffodil,,,,
VillagerAppearsEvent,null,True,360,Misting Mountains,Bayla,,,,
VillagerAppearsEvent,null,True,540,null,Bayla,,,,
VillagerAppearsEvent,null,True,630,Misting Mountains,Bayla,,,,
VillagerAppearsEvent,null,True,660,stonework chalet,Bayla,,,,
VillagerAppearsEvent,MON,False,720,Misting Mountains,Bayla,,,,
VillagerAppearsEvent,MON,False,750,Old Town,Bayla,,,,
VillagerAppearsEvent,MON,False,780,The Farm,Bayla,,,,
VillagerAppearsEvent,MON,False,810,Darklight Forest,Bayla,,,,
VillagerAppearsEvent,MON,False,840,quite big log cabin,Bayla,,,,
VillagerAppearsEvent,MON,False,960,Darklight Forest,Bayla,,,,
VillagerAppearsEvent,MON,False,990,The Farm,Bayla,,,,
VillagerAppearsEvent,MON,False,1020,Old Town,Bayla,,,,
VillagerAppearsEvent,MON,False,1050,mom and pop shop,Bayla,,,,
VillagerAppearsEvent,MON,False,1080,town hall pub and grill,Bayla,,,,
VillagerAppearsEvent,MON,False,1350,Old Town,Bayla,,,,
VillagerAppearsEvent,MON,False,1380,Misting Mountains,Bayla,,,,
VillagerAppearsEvent,MON,False,1410,stonework chalet,Bayla,,,,
VillagerAppearsEvent,FRI,False,660,Old Town,Bayla,,,,
VillagerAppearsEvent,FRI,False,840,mom and pop shop,Bayla,,,,
VillagerAppearsEvent,FRI,False,900,Old Town,Bayla,,,,
VillagerAppearsEvent,FRI,False,930,Misting Mountains,Bayla,,,,
VillagerAppearsEvent,FRI,False,960,stonework chalet,Bayla,,,,
VillagerAppearsEvent,null,True,480,Darklight Forest,Wren,,,,
VillagerAppearsEvent,null,True,720,oak tree duplex,Wren,,,,
VillagerAppearsEvent,WED,False,720,The Farm,Wren,,,,
VillagerAppearsEvent,WED,False,750,Old Town,Wren,,,,
VillagerAppearsEvent,WED,False,780,mom and pop shop,Wren,,,,
VillagerAppearsEvent,WED,False,840,Old Town,Wren,,,,
VillagerAppearsEvent,WED,False,870,Misting Mountains,Wren,,,,
VillagerAppearsEvent,WED,False,900,cozy cavern,Wren,,,,
VillagerAppearsEvent,WED,False,1020,Misting Mountains,Wren,,,,
VillagerAppearsEvent,WED,False,1050,Old Town,Wren,,,,
VillagerAppearsEvent,WED,False,1080,The Farm,Wren,,,,
VillagerAppearsEvent,WED,False,1110,Darklight Forest,Wren,,,,
VillagerAppearsEvent,WED,False,1140,oak tree duplex,Wren,,,,
VillagerAppearsEvent,null,True,780,Darklight Forest,Damey,,,,
VillagerAppearsEvent,null,True,960,oak tree duplex,Damey,,,,
VillagerAppearsEvent,SAT,False,810,The Farm,Damey,,,,
VillagerAppearsEvent,SAT,False,840,Old Town,Damey,,,,
VillagerAppearsEvent,SAT,False,870,Misting Mountains,Damey,,,,
VillagerAppearsEvent,SAT,False,900,stonework chalet,Damey,,,,
VillagerAppearsEvent,SAT,False,960,stonework chalet,Damey,,,,
VillagerAppearsEvent,SAT,False,1200,Misting Mountains,Damey,,,,
VillagerAppearsEvent,SAT,False,1230,Old Town,Damey,,,,
VillagerAppearsEvent,SAT,False,1320,town hall pub and grill,Damey,,,,
VillagerAppearsEvent,SAT,False,1350,Old Town,Damey,,,,
VillagerAppearsEvent,SAT,False,1380,The Farm,Damey,,,,
VillagerAppearsEvent,SAT,False,1410,Darklight Forest,Damey,,,,
VillagerAppearsEvent,SAT,False,1435,oak tree duplex,Damey,,,,
VillagerAppearsEvent,SUN,False,780,Old Town,Donatella,,,,
VillagerAppearsEvent,SUN,False,810,Misting Mountains,Donatella,,,,
VillagerAppearsEvent,SUN,False,840,cozy cavern,Donatella,,,,
VillagerAppearsEvent,SUN,False,960,Misting Mountains,Donatella,,,,
VillagerAppearsEvent,SUN,False,990,Old Town,Donatella,,,,
VillagerAppearsEvent,SUN,False,1020,mom and pop shop,Donatella,,,,
VillagerAppearsEvent,SUN,False,1140,charming victorian,Donatella,,,,
VillagerAppearsEvent,TUE,False,600,Old Town,Donatella,,,,
VillagerAppearsEvent,TUE,False,840,charming victorian,Donatella,,,,
VillagerAppearsEvent,TUE,False,600,charming victorian,Vir,,,,
VillagerAppearsEvent,FRI,False,360,Misting Mountains,Tourmaline,,,,
VillagerAppearsEvent,FRI,False,480,Old Town,Tourmaline,,,,
VillagerAppearsEvent,FRI,False,600,The Farm,Tourmaline,,,,
VillagerAppearsEvent,FRI,False,720,Darklight Forest,Tourmaline,,,,
VillagerAppearsEvent,FRI,False,780,oak tree duplex,Tourmaline,,,,
VillagerAppearsEvent,FRI,False,1080,Darklight Forest,Tourmaline,,,,
VillagerAppearsEvent,FRI,False,1200,The Farm,Tourmaline,,,,
VillagerAppearsEvent,FRI,False,1320,Old Town,Tourmaline,,,,
VillagerAppearsEvent,FRI,False,1430,Misting Mountains,Tourmaline,,,,
VillagerAppearsEvent,FRI,False,1435,cozy cavern,Tourmaline,,,,
VillagerAppearsEvent,null,True,360,null,Zuck,,,,
VillagerAppearsEvent,null,True,960,spoopy cave system,Zuck,,,,
VillagerAppearsEvent,null,True,720,null,Bonbon,,,,
VillagerAppearsEvent,null,True,900,spoopy cave system,Bonbon,,,,
VillagerAppearsEvent,null,True,1080,Misting Mountains,Bonbon,,,,
VillagerAppearsEvent,null,True,1320,spoopy cave system,Bonbon,,,,
VillagerAppearsEvent,SAT,False,1140,Misting Mountains,Zuck,,,,
VillagerAppearsEvent,SAT,False,1170,Old Town,Zuck,,,,
VillagerAppearsEvent,SAT,False,1200,town hall pub and grill,Zuck,,,,
VillagerAppearsEvent,SAT,False,1380,Old Town,Zuck,,,,
VillagerAppearsEvent,SAT,False,1410,Misting Mountains,Zuck,,,,
VillagerAppearsEvent,SAT,False,1435,spoopy cave system,Zuck,,,,
VillagerAppearsEvent,SAT,False,1140,Misting Mountains,Bonbon,,,,
VillagerAppearsEvent,SAT,False,1170,Old Town,Bonbon,,,,
VillagerAppearsEvent,SAT,False,1200,town hall pub and grill,Bonbon,,,,
VillagerAppearsEvent,SAT,False,1320,town hall pub and grill,Bonbon,,,,
VillagerAppearsEvent,SAT,False,1380,Old Town,Bonbon,,,,
VillagerAppearsEvent,SAT,False,1410,Misting Mountains,Bonbon,,,,
VillagerAppearsEvent,SAT,False,1435,spoopy cave system,Bonbon,,,,
VillagerAppearsEvent,MON,False,540,Bric-a-Brackish Beach,Trix,,,,
VillagerAppearsEvent,MON,False,660,null,Trix,,,,
VillagerAppearsEvent,MON,False,1080,Misting Mountains,Trix,,,,
VillagerAppearsEvent,MON,False,1200,null,Trix,,,,
VillagerAppearsEvent,TUE,False,480,Darklight Forest,Trix,,,,
VillagerAppearsEvent,TUE,False,600,null,Trix,,,,
VillagerAppearsEvent,TUE,False,1200,Bric-a-Brackish Beach,Trix,,,,
VillagerAppearsEvent,TUE,False,1320,null,Trix,,,,
VillagerAppearsEvent,WED,False,600,Misting Mountains,Trix,,,,
VillagerAppearsEvent,WED,False,720,null,Trix,,,,
VillagerAppearsEvent,WED,False,1320,Darklight Forest,Trix,,,,
VillagerAppearsEvent,WED,False,1435,null,Trix,,,,
VillagerAppearsEvent,THU,False,600,Bric-a-Brackish Beach,Trix,,,,
VillagerAppearsEvent,THU,False,720,null,Trix,,,,
VillagerAppearsEvent,THU,False,1260,Old Town,Trix,,,,
VillagerAppearsEvent,THU,False,1380,null,Trix,,,,
VillagerAppearsEvent,FRI,False,360,Old Town,Trix,,,,
VillagerAppearsEvent,FRI,False,480,null,Trix,,,,
VillagerAppearsEvent,FRI,False,1140,Misting Mountains,Trix,,,,
VillagerAppearsEvent,FRI,False,1260,null,Trix,,,,
VillagerAppearsEvent,SAT,False,420,Darklight Forest,Trix,,,,
VillagerAppearsEvent,SAT,False,540,null,Trix,,,,
VillagerAppearsEvent,SAT,False,1080,The Farm,Trix,,,,
VillagerAppearsEvent,SAT,False,1200,null,Trix,,,,
VillagerAppearsEvent,SUN,False,720,Misting Mountains,Trix,,,,
VillagerAppearsEvent,SUN,False,840,null,Trix,,,,
VillagerAppearsEvent,SUN,False,1320,Bric-a-Brackish Beach,Trix,,,,
,,,,,,,,,
FarmerPortrait,image_path,,,,,,,,
FarmerPortrait,alpaca-bag.jpeg,,,,,,,,
FarmerPortrait,determined-jader.jpeg,,,,,,,,
FarmerPortrait,doof-waffle.jpeg,,,,,,,,
FarmerPortrait,glowlook-emeritus.jpeg,,,,,,,,
FarmerPortrait,hail-wellmet.jpeg,,,,,,,,
FarmerPortrait,hoopy-goldward.jpeg,,,,,,,,
FarmerPortrait,keanu-leaves.jpeg,,,,,,,,
FarmerPortrait,marijuana-dragonfly.jpeg,,,,,,,,
FarmerPortrait,mirabel-jones.jpeg,,,,,,,,
FarmerPortrait,painting-space.jpeg,,,,,,,,
FarmerPortrait,pointing-locks.jpeg,,,,,,,,
FarmerPortrait,shy-kick.jpeg,,,,,,,,
FarmerPortrait,skeptic-necktie.jpeg,,,,,,,,
FarmerPortrait,smolder-glow.jpeg,,,,,,,,
FarmerPortrait,sparkle-this.jpeg,,,,,,,,
FarmerPortrait,spoony-seeker.jpeg,,,,,,,,
FarmerPortrait,starry-romper.jpeg,,,,,,,,
FarmerPortrait,sun-glower.jpeg,,,,,,,,
FarmerPortrait,tentative-golden.jpeg,,,,,,,,
FarmerPortrait,whatsup-stranger.jpeg,,,,,,,,
FarmerPortrait,you-are-hierre.jpeg,,,,,,,,
,,,,,,,,,
,,,,,,,,,
,,,,,,,,,
,,,,,,,,,
DialogueLine,fk__villager__speaker,affinity_tier,trigger,full_text,,,,,
DialogueLine,Donatella,none,LOVED_GIFT,"Oh, this is just the most wonderful gift! Thank you so much, dear friend.",,,,,
DialogueLine,Donatella,none,LIKED_GIFT,Thank you for the thoughtful gift. I truly appreciate it.,,,,,
DialogueLine,Donatella,none,NEUTRAL_GIFT,"Well, isn't this an interesting gift. Thank you for thinking of me.",,,,,
DialogueLine,Donatella,none,DISLIKED_GIFT,I'm afraid I don't quite know what to do with this. But thank you for the kind gesture.,,,,,
DialogueLine,Donatella,none,HATED_GIFT,"I'm sorry, but I can't accept this. It goes against everything I believe in.",,,,,
DialogueLine,Vir,none,LOVED_GIFT,Ha! I never thought I'd see the day when someone actually got me a gift I love. Thanks!,,,,,
DialogueLine,Vir,none,LIKED_GIFT,"I can always use another one of these. Thanks, I appreciate it.",,,,,
DialogueLine,Vir,none,NEUTRAL_GIFT,"Well, this is nice. Thanks for the gesture.",,,,,
DialogueLine,Vir,none,DISLIKED_GIFT,"Thanks, but I don't think I'll be using this.",,,,,
DialogueLine,Vir,none,HATED_GIFT,I can't believe you thought this would be a good idea. This is a waste of everyone's time.,,,,,
DialogueLine,Vida,none,LOVED_GIFT,"Oh my gosh, this is the best gift ever! Thank you so much!",,,,,
DialogueLine,Vida,none,LIKED_GIFT,"Wow, this is really cool! Thank you for thinking of me.",,,,,
DialogueLine,Vida,none,NEUTRAL_GIFT,"Oh, thank you for the gift. It's very nice.",,,,,
DialogueLine,Vida,none,DISLIKED_GIFT,"Uh, this is not exactly what I was hoping for. But thank you anyways.",,,,,
DialogueLine,Vida,none,HATED_GIFT,"I don't like this at all. I'm sorry, I don't mean to be rude, it's just... bad.",,,,,
DialogueLine,Joss,none,LOVED_GIFT,"Wow, this is the best! I'm gonna show my dad!",,,,,
DialogueLine,Joss,none,LIKED_GIFT,"This is gonna be so much fun, thanks!",,,,,
DialogueLine,Joss,none,NEUTRAL_GIFT,"Oh, uh, okay.",,,,,
DialogueLine,Joss,none,DISLIKED_GIFT,"Uh, I don't really like this. Can I trade it?",,,,,
DialogueLine,Joss,none,HATED_GIFT,"Ew, this is gross! I don't want it!",,,,,
DialogueLine,Samyel,none,LOVED_GIFT,Wow! This is somehow exactly what I need for my quest! You rock.,,,,,
DialogueLine,Samyel,none,LIKED_GIFT,This is pretty cool. I'm sure I can find a use for this on my next adventure. Thanks!,,,,,
DialogueLine,Samyel,none,NEUTRAL_GIFT,"Thanks for the gift, it's appreciated.",,,,,
DialogueLine,Samyel,none,DISLIKED_GIFT,"No thanks, that's not my speed.",,,,,
DialogueLine,Samyel,none,HATED_GIFT,Shocked and apalled that you would send this my way. Hard pass.,,,,,
DialogueLine,Tourmaline,none,LOVED_GIFT,Warms my heart. Very kind soul.,,,,,
DialogueLine,Tourmaline,none,LIKED_GIFT,Appreciated. Good friend.,,,,,
DialogueLine,Tourmaline,none,NEUTRAL_GIFT,Thank you for thought.,,,,,
DialogueLine,Tourmaline,none,DISLIKED_GIFT,Not good for me. Glad for your gesture.,,,,,
DialogueLine,Tourmaline,none,HATED_GIFT,"No, sorry. Have my reasons.",,,,,
DialogueLine,Daffodil,none,LOVED_GIFT,Oh my! What a rare and treasured delicacy! You are a regnant among paupers.,,,,,
DialogueLine,Daffodil,none,LIKED_GIFT,Such consideration to have proffered a pearl such as this to a simple wordsmith such as I.,,,,,
DialogueLine,Daffodil,none,NEUTRAL_GIFT,Is this what humans give each other as gifts? In that case it seems like a median examplar of its class.,,,,,
DialogueLine,Daffodil,none,DISLIKED_GIFT,This is neither suited to my purposes nor my interests.,,,,,
DialogueLine,Daffodil,none,HATED_GIFT,I am wroth with disgust for this thing. On my home... city... this would portend a duel of honor.,,,,,
DialogueLine,Angie,none,LOVED_GIFT,"Well, now that's a dang good gift! I'm much obliged, friend – maybe I'll put in a good word for you!",,,,,
DialogueLine,Angie,none,LIKED_GIFT,"Hey now, this is mighty nice of you. I appreciate the thought.",,,,,
DialogueLine,Angie,none,NEUTRAL_GIFT,"Well, that's right neighborly of you. I reckon I'll find somewhere to put this",,,,,
DialogueLine,Angie,none,DISLIKED_GIFT,"Nice of you to think of me, but I don't reckon this particular thing will serve me awfully well",,,,,
DialogueLine,Angie,none,HATED_GIFT,Whoa there! I reckon this ain't my cup of tea.,,,,,
DialogueLine,Dev,none,LOVED_GIFT,"Well, I'll be damned. This is precisely what I needed. I owe you a debt.",,,,,
DialogueLine,Dev,none,LIKED_GIFT,"A fine surprise, well chosen. You've earned yourself a credit in my book.",,,,,
DialogueLine,Dev,none,NEUTRAL_GIFT,This is... unexpected. Yet not without its uses.,,,,,
DialogueLine,Dev,none,DISLIKED_GIFT,"You tried, which I'm told counts for something.",,,,,
DialogueLine,Dev,none,HATED_GIFT,"You shouldn't have. No, really.",,,,,
DialogueLine,Trix,none,LOVED_GIFT,Woohoohoo! This puts a spring in my step! If I were a cartoon I'd give you a big smooch right now.,,,,,
DialogueLine,Trix,none,LIKED_GIFT,"Ha, good one! Thank you for thinking of me.",,,,,
DialogueLine,Trix,none,NEUTRAL_GIFT,"I didn't have my eyes peeled for this one, but I've got plenty of room in my burrows.",,,,,
DialogueLine,Trix,none,DISLIKED_GIFT,"Don't worry about it pal, they can't all be winners.",,,,,
DialogueLine,Trix,none,HATED_GIFT,Oooh... you my friend are a master of the mean prank.,,,,,
DialogueLine,Damey,none,LOVED_GIFT,"Oh, this is just perfect! Thank you so much, it brings me a big bundle of joy!",,,,,
DialogueLine,Damey,none,LIKED_GIFT,What a thoughtful gift! I really appreciate it friend.,,,,,
DialogueLine,Damey,none,NEUTRAL_GIFT,Thank you so much for thinking of me.,,,,,
DialogueLine,Damey,none,DISLIKED_GIFT,"Thanks, but you know, next time you could give something like this to someone else who'd be better at appreciating it.",,,,,
DialogueLine,Damey,none,HATED_GIFT,"I'm sure you have some positive intent in giving this to me, and I'll just have to figure out what that is on my own.",,,,,
DialogueLine,Wren,none,LOVED_GIFT,"Um, wow, this is amazing. Thank you so much!",,,,,
DialogueLine,Wren,none,LIKED_GIFT,I... appreciate this a lot. Sorry I'm awkward.,,,,,
DialogueLine,Wren,none,NEUTRAL_GIFT,"This is... fine I guess? Yeah, it's, uh, just fine.",,,,,
DialogueLine,Wren,none,DISLIKED_GIFT,Don't feel like you have to give me something everytime you see me. You can wait till you have something I'd like.,,,,,
DialogueLine,Wren,none,HATED_GIFT,"Gosh, I guess you don't know me very well... Sorry?",,,,,
DialogueLine,Bjölf,none,LOVED_GIFT,"Hair of the Fathers! This is quite a fine thing. Bless you, little one.",,,,,
DialogueLine,Bjölf,none,LIKED_GIFT,"This will further my existence nicely, little one.",,,,,
DialogueLine,Bjölf,none,NEUTRAL_GIFT,"I will accept this, if you insist, little one.",,,,,
DialogueLine,Bjölf,none,DISLIKED_GIFT,"Really? Perhaps some would find use for such an object, little one. Perhaps.",,,,,
DialogueLine,Bjölf,none,HATED_GIFT,"What an odious speck of creation you've thrust upon me, little one.",,,,,
DialogueLine,Bonbon,none,LOVED_GIFT,"This is, hands down, the absolute best thing we've ever seen. We love it!",,,,,
DialogueLine,Bonbon,none,LIKED_GIFT,We're not gonna mince words here: we're pleased as punch.,,,,,
DialogueLine,Bonbon,none,NEUTRAL_GIFT,Well this sure is... unique. We can always use more of... whatever this thing is.,,,,,
DialogueLine,Bonbon,none,DISLIKED_GIFT,"Look, we think you're great, even though this... thingamajig here... isn't. No sweat, alright?",,,,,
DialogueLine,Bonbon,none,HATED_GIFT,"How did you even find something this awful? Wowie zowie, we're getting chills from how terrible this thing is, yeesh!",,,,,
DialogueLine,Zuck,none,LOVED_GIFT,"Ohoho, this is fantastic! I'm going to make a special meal tonight to celebrate!",,,,,
DialogueLine,Zuck,none,LIKED_GIFT,"I might be a half-dead zombie, but I know good taste when I see it, and pal you got it. Thanks.",,,,,
DialogueLine,Zuck,none,NEUTRAL_GIFT,"Not my favorite, but hey, it doesn't bother me. Keep on shining you crazy diamond.",,,,,
DialogueLine,Zuck,none,DISLIKED_GIFT,"Woof, what were you thinking? I mean... clearly bad, this thing, okay?",,,,,
DialogueLine,Zuck,none,HATED_GIFT,"You're lucky I only eat fish nowadays, or else I'd tell you to start running.",,,,,
DialogueLine,Bayla,none,LOVED_GIFT,I love it! You're a friend of the dwarves and a friend of mine.,,,,,
DialogueLine,Bayla,none,LIKED_GIFT,See this? This is what we need more of in this world. Thank you.,,,,,
DialogueLine,Bayla,none,NEUTRAL_GIFT,"I appreciate it, even if I don't appreciate it a lot.",,,,,
DialogueLine,Bayla,none,DISLIKED_GIFT,"I'm kind of busy, could you leave that next to the door on your way out?",,,,,
DialogueLine,Bayla,none,HATED_GIFT,"I'm kind of busy, could you throw that down the nearest mineshaft and toss a stick of dynamite in after it?",,,,,
DialogueLine,Light,none,LOVED_GIFT,Excellence rating: 100%! I'm supremely overjoyed. I encourage you to continue your current set of behaviors.,,,,,
DialogueLine,Light,none,LIKED_GIFT,Excellence rating: 80%. I'm moderately overjoyed. I encourage you to employ a mixed strategy of exploiting analogous gifts and exploring gift space for further improvements.,,,,,
DialogueLine,Light,none,NEUTRAL_GIFT,Excellence rating: 50%. I'm neither over- nor under-joyed. I encourage you to experiment with different resource extraction paradigms in order to acquire better gift material.,,,,,
DialogueLine,Light,none,DISLIKED_GIFT,Excellence rating: 0%. I'm moderately underjoyed. I encourage you to cease and desist giving analogous gifts and instead give only disanalogous gifts.,,,,,
DialogueLine,Light,none,HATED_GIFT,Excellence rating: negative 100%. I'm supremely underjoyed. I discourage you from giving gifts in any form now and forever.,,,,,
DialogueLine,Donatella,none,FIRST_MEETING,"Oh hello dear, so lovely to meet you. I'm Donatella Fortlescue, but you can call me Grandma Turtle – everyone else does. Ohoho!",,,,,
DialogueLine,Donatella,0,none,"You might not think it to look at me dear, but I used to be quite the adventurer! The times make the turtle, as they say. More tea?",,,,,
DialogueLine,Donatella,1,none,"You might not think it to look at me dear, but I used to be quite the adventurer! The times make the turtle, as they say. More tea?",,,,,
DialogueLine,Donatella,2,none,"You might not think it to look at me dear, but I used to be quite the adventurer! The times make the turtle, as they say. More tea?",,,,,
DialogueLine,Donatella,3,none,"You might not think it to look at me dear, but I used to be quite the adventurer! The times make the turtle, as they say. More tea?",,,,,
DialogueLine,Donatella,4,none,"You might not think it to look at me dear, but I used to be quite the adventurer! The times make the turtle, as they say. More tea?",,,,,
DialogueLine,Donatella,5,none,"You might not think it to look at me dear, but I used to be quite the adventurer! The times make the turtle, as they say. More tea?",,,,,
DialogueLine,Vir,none,FIRST_MEETING,"New in town, huh? Happens to the best of us. Vir Smith, private investigator... retired, of course.",,,,,
DialogueLine,Vir,0,none,"You haven't dragged any trouble in behind you, hmm? Old debts to be repaid, skeletons in your closet... nah, figures.",,,,,
DialogueLine,Vir,1,none,"You haven't dragged any trouble in behind you, hmm? Old debts to be repaid, skeletons in your closet... nah, figures.",,,,,
DialogueLine,Vir,2,none,"You haven't dragged any trouble in behind you, hmm? Old debts to be repaid, skeletons in your closet... nah, figures.",,,,,
DialogueLine,Vir,3,none,"You haven't dragged any trouble in behind you, hmm? Old debts to be repaid, skeletons in your closet... nah, figures.",,,,,
DialogueLine,Vir,4,none,"You haven't dragged any trouble in behind you, hmm? Old debts to be repaid, skeletons in your closet... nah, figures.",,,,,
DialogueLine,Vir,5,none,"You haven't dragged any trouble in behind you, hmm? Old debts to be repaid, skeletons in your closet... nah, figures.",,,,,
DialogueLine,Vida,none,FIRST_MEETING,"I'm Vida. Have you ever seen a unicorn before? You can tell me because I'm 9, so I know how to keep a secret.",,,,,
DialogueLine,Vida,0,none,"Do you have any animals on your farm? When I have a farm someday, it'll be a horse ranch. But secretly? It'll be a *unicorn* ranch.",,,,,
DialogueLine,Vida,1,none,"Do you have any animals on your farm? When I have a farm someday, it'll be a horse ranch. But secretly? It'll be a *unicorn* ranch.",,,,,
DialogueLine,Vida,2,none,"Do you have any animals on your farm? When I have a farm someday, it'll be a horse ranch. But secretly? It'll be a *unicorn* ranch.",,,,,
DialogueLine,Vida,3,none,"Do you have any animals on your farm? When I have a farm someday, it'll be a horse ranch. But secretly? It'll be a *unicorn* ranch.",,,,,
DialogueLine,Vida,4,none,"Do you have any animals on your farm? When I have a farm someday, it'll be a horse ranch. But secretly? It'll be a *unicorn* ranch.",,,,,
DialogueLine,Vida,5,none,"Do you have any animals on your farm? When I have a farm someday, it'll be a horse ranch. But secretly? It'll be a *unicorn* ranch.",,,,,
DialogueLine,Joss,none,FIRST_MEETING,"Wow, you're that new farmer! I'm Joss, did you know that I can blow a spit bubble the size of my whole hand? Watch watch watch!",,,,,
DialogueLine,Joss,0,none,"My sister says that if I'm too annoying no one will wanna talk to me, but I think that's okay because she's my sister so she *has* to talk to me. Oh and there's Dad, and Grandma Turtle, and my rabbit friend who I'm not supposed to talk about!",,,,,
DialogueLine,Joss,1,none,"My sister says that if I'm too annoying no one will wanna talk to me, but I think that's okay because she's my sister so she *has* to talk to me. Oh and there's Dad, and Grandma Turtle, and my rabbit friend who I'm not supposed to talk about!",,,,,
DialogueLine,Joss,2,none,"My sister says that if I'm too annoying no one will wanna talk to me, but I think that's okay because she's my sister so she *has* to talk to me. Oh and there's Dad, and Grandma Turtle, and my rabbit friend who I'm not supposed to talk about!",,,,,
DialogueLine,Joss,3,none,"My sister says that if I'm too annoying no one will wanna talk to me, but I think that's okay because she's my sister so she *has* to talk to me. Oh and there's Dad, and Grandma Turtle, and my rabbit friend who I'm not supposed to talk about!",,,,,
DialogueLine,Joss,4,none,"My sister says that if I'm too annoying no one will wanna talk to me, but I think that's okay because she's my sister so she *has* to talk to me. Oh and there's Dad, and Grandma Turtle, and my rabbit friend who I'm not supposed to talk about!",,,,,
DialogueLine,Joss,5,none,"My sister says that if I'm too annoying no one will wanna talk to me, but I think that's okay because she's my sister so she *has* to talk to me. Oh and there's Dad, and Grandma Turtle, and my rabbit friend who I'm not supposed to talk about!",,,,,
DialogueLine,Samyel,none,FIRST_MEETING,"Samyel, Samyel Eschbringer. Yes, *that* Samyel Eschbringer. If you have a sword or a shield or anything I'd happily give you an autograph.",,,,,
DialogueLine,Samyel,0,none,"Have you heard anything about the Ghastly Gallopers? And their cursed crusade across the countryside? Yeah, that's because I stopped them. You can thank me at your leisure.",,,,,
DialogueLine,Samyel,1,none,"Have you heard anything about the Ghastly Gallopers? And their cursed crusade across the countryside? Yeah, that's because I stopped them. You can thank me at your leisure.",,,,,
DialogueLine,Samyel,2,none,"Have you heard anything about the Ghastly Gallopers? And their cursed crusade across the countryside? Yeah, that's because I stopped them. You can thank me at your leisure.",,,,,
DialogueLine,Samyel,3,none,"Have you heard anything about the Ghastly Gallopers? And their cursed crusade across the countryside? Yeah, that's because I stopped them. You can thank me at your leisure.",,,,,
DialogueLine,Samyel,4,none,"Have you heard anything about the Ghastly Gallopers? And their cursed crusade across the countryside? Yeah, that's because I stopped them. You can thank me at your leisure.",,,,,
DialogueLine,Samyel,5,none,"Have you heard anything about the Ghastly Gallopers? And their cursed crusade across the countryside? Yeah, that's because I stopped them. You can thank me at your leisure.",,,,,
DialogueLine,Tourmaline,none,FIRST_MEETING,"Welcome. Tourmaline, my name. Come by if ever you need.",,,,,
DialogueLine,Tourmaline,0,none,"Simple town, Mythgarden. Room for everyone to live their life.",,,,,
DialogueLine,Tourmaline,1,none,"Simple town, Mythgarden. Room for everyone to live their life.",,,,,
DialogueLine,Tourmaline,2,none,"Simple town, Mythgarden. Room for everyone to live their life.",,,,,
DialogueLine,Tourmaline,3,none,"Simple town, Mythgarden. Room for everyone to live their life.",,,,,
DialogueLine,Tourmaline,4,none,"Simple town, Mythgarden. Room for everyone to live their life.",,,,,
DialogueLine,Tourmaline,5,none,"Simple town, Mythgarden. Room for everyone to live their life.",,,,,
DialogueLine,Daffodil,none,FIRST_MEETING,"Good morning to you, earthling – I MEAN *fellow* earthling. Call me Daffodil Symendian. And don't ask too many questions, hmm?",,,,,
DialogueLine,Daffodil,0,none,"Farming, hmm? I'm a writer myself, so I suppose there's... no meaningful overlap between our understandings of the world. Ah well.",,,,,
DialogueLine,Daffodil,1,none,"Farming, hmm? I'm a writer myself, so I suppose there's... no meaningful overlap between our understandings of the world. Ah well.",,,,,
DialogueLine,Daffodil,2,none,"Farming, hmm? I'm a writer myself, so I suppose there's... no meaningful overlap between our understandings of the world. Ah well.",,,,,
DialogueLine,Daffodil,3,none,"Farming, hmm? I'm a writer myself, so I suppose there's... no meaningful overlap between our understandings of the world. Ah well.",,,,,
DialogueLine,Daffodil,4,none,"Farming, hmm? I'm a writer myself, so I suppose there's... no meaningful overlap between our understandings of the world. Ah well.",,,,,
DialogueLine,Daffodil,5,none,"Farming, hmm? I'm a writer myself, so I suppose there's... no meaningful overlap between our understandings of the world. Ah well.",,,,,
DialogueLine,Angie,none,FIRST_MEETING,"Well look what the tumbleweed dragged in. Ha! Put 'er there pardner, I'm Angie, and you're welcome in our shop anytime night or day.",,,,,
DialogueLine,Angie,0,none,"What do you think of me and Dev over there? Honestly I wouldn't blink if we wound up married someday or dueling at high noon. Ha! Leave that up to The Big Guy, am I right?",,,,,
DialogueLine,Angie,1,none,"What do you think of me and Dev over there? Honestly I wouldn't blink if we wound up married someday or dueling at high noon. Ha! Leave that up to The Big Guy, am I right?",,,,,
DialogueLine,Angie,2,none,"What do you think of me and Dev over there? Honestly I wouldn't blink if we wound up married someday or dueling at high noon. Ha! Leave that up to The Big Guy, am I right?",,,,,
DialogueLine,Angie,3,none,"What do you think of me and Dev over there? Honestly I wouldn't blink if we wound up married someday or dueling at high noon. Ha! Leave that up to The Big Guy, am I right?",,,,,
DialogueLine,Angie,4,none,"What do you think of me and Dev over there? Honestly I wouldn't blink if we wound up married someday or dueling at high noon. Ha! Leave that up to The Big Guy, am I right?",,,,,
DialogueLine,Angie,5,none,"What do you think of me and Dev over there? Honestly I wouldn't blink if we wound up married someday or dueling at high noon. Ha! Leave that up to The Big Guy, am I right?",,,,,
DialogueLine,Dev,none,FIRST_MEETING,"Dev. ""Shopkeep"" for this quiet town. You'll find my inventory ever-evolving and never-exhausted; and I'll pay hard koin for anything you might sell – if you're willing to make a bargain.",,,,,
DialogueLine,Dev,0,none,"Try not to allow Angie to fill your ear with poisonous lies about our ""relationship"". Our living arrangement is one of coincidental convenience, nothing less and nothing more.",,,,,
DialogueLine,Dev,1,none,"Try not to allow Angie to fill your ear with poisonous lies about our ""relationship"". Our living arrangement is one of coincidental convenience, nothing less and nothing more.",,,,,
DialogueLine,Dev,2,none,"Try not to allow Angie to fill your ear with poisonous lies about our ""relationship"". Our living arrangement is one of coincidental convenience, nothing less and nothing more.",,,,,
DialogueLine,Dev,3,none,"Try not to allow Angie to fill your ear with poisonous lies about our ""relationship"". Our living arrangement is one of coincidental convenience, nothing less and nothing more.",,,,,
DialogueLine,Dev,4,none,"Try not to allow Angie to fill your ear with poisonous lies about our ""relationship"". Our living arrangement is one of coincidental convenience, nothing less and nothing more.",,,,,
DialogueLine,Dev,5,none,"Try not to allow Angie to fill your ear with poisonous lies about our ""relationship"". Our living arrangement is one of coincidental convenience, nothing less and nothing more.",,,,,
DialogueLine,Trix,none,FIRST_MEETING,"Wow, you found me! Trix the Rabbit is my name, sneaking around Mythgarden is my game. Say hi again the next time you spot me why don't ya!",,,,,
DialogueLine,Trix,0,none,"I'm not up to anything nefarious, you know, I only play pranks to help people -- a white-tail troll, as it were. Just don't tell that Vir guy I'm around, okay? Thanks pally.",,,,,
DialogueLine,Trix,1,none,"I'm not up to anything nefarious, you know, I only play pranks to help people -- a white-tail troll, as it were. Just don't tell that Vir guy I'm around, okay? Thanks pally.",,,,,
DialogueLine,Trix,2,none,"I'm not up to anything nefarious, you know, I only play pranks to help people -- a white-tail troll, as it were. Just don't tell that Vir guy I'm around, okay? Thanks pally.",,,,,
DialogueLine,Trix,3,none,"I'm not up to anything nefarious, you know, I only play pranks to help people -- a white-tail troll, as it were. Just don't tell that Vir guy I'm around, okay? Thanks pally.",,,,,
DialogueLine,Trix,4,none,"I'm not up to anything nefarious, you know, I only play pranks to help people -- a white-tail troll, as it were. Just don't tell that Vir guy I'm around, okay? Thanks pally.",,,,,
DialogueLine,Trix,5,none,"I'm not up to anything nefarious, you know, I only play pranks to help people -- a white-tail troll, as it were. Just don't tell that Vir guy I'm around, okay? Thanks pally.",,,,,
DialogueLine,Damey,none,FIRST_MEETING,"You seem nice! My name's Damey Hoodiehome – see I've got the hoodie on and everything, hehe. I just moved here too... maybe we can be friends!",,,,,
DialogueLine,Damey,0,none,"I'm staying in the first floor of that tree, with Wren on the top floor. It reminds me of my family's pub back in Shirefordfield... it's a real hole-in-the-ground, but it's home.",,,,,
DialogueLine,Damey,1,none,"I'm staying in the first floor of that tree, with Wren on the top floor. It reminds me of my family's pub back in Shirefordfield... it's a real hole-in-the-ground, but it's home.",,,,,
DialogueLine,Damey,2,none,"I'm staying in the first floor of that tree, with Wren on the top floor. It reminds me of my family's pub back in Shirefordfield... it's a real hole-in-the-ground, but it's home.",,,,,
DialogueLine,Damey,3,none,"I'm staying in the first floor of that tree, with Wren on the top floor. It reminds me of my family's pub back in Shirefordfield... it's a real hole-in-the-ground, but it's home.",,,,,
DialogueLine,Damey,4,none,"I'm staying in the first floor of that tree, with Wren on the top floor. It reminds me of my family's pub back in Shirefordfield... it's a real hole-in-the-ground, but it's home.",,,,,
DialogueLine,Damey,5,none,"I'm staying in the first floor of that tree, with Wren on the top floor. It reminds me of my family's pub back in Shirefordfield... it's a real hole-in-the-ground, but it's home.",,,,,
DialogueLine,Wren,none,FIRST_MEETING,"Um, hi! I'm... awkward, is the main thing, sorry. But I'm Wren Feathernest. What nice... weather we're having?",,,,,
DialogueLine,Wren,0,none,"It's such a relief to not be in the city anymore. The forest here is so... quiet. Fewer people. Not that I don't like people! I'm not, like, a monster – not that there's anything wrong with being a monster! Ugh.",,,,,
DialogueLine,Wren,1,none,"It's such a relief to not be in the city anymore. The forest here is so... quiet. Fewer people. Not that I don't like people! I'm not, like, a monster – not that there's anything wrong with being a monster! Ugh.",,,,,
DialogueLine,Wren,2,none,"It's such a relief to not be in the city anymore. The forest here is so... quiet. Fewer people. Not that I don't like people! I'm not, like, a monster – not that there's anything wrong with being a monster! Ugh.",,,,,
DialogueLine,Wren,3,none,"It's such a relief to not be in the city anymore. The forest here is so... quiet. Fewer people. Not that I don't like people! I'm not, like, a monster – not that there's anything wrong with being a monster! Ugh.",,,,,
DialogueLine,Wren,4,none,"It's such a relief to not be in the city anymore. The forest here is so... quiet. Fewer people. Not that I don't like people! I'm not, like, a monster – not that there's anything wrong with being a monster! Ugh.",,,,,
DialogueLine,Wren,5,none,"It's such a relief to not be in the city anymore. The forest here is so... quiet. Fewer people. Not that I don't like people! I'm not, like, a monster – not that there's anything wrong with being a monster! Ugh.",,,,,
DialogueLine,Bjölf,none,FIRST_MEETING,"You've strayed far from your native lands, little one. These forests are under the protection and care of Bjölf Bjölfsen, son of Bjölf. Tread wisely.",,,,,
DialogueLine,Bjölf,0,none,"The sighing of the sycamores, the thrumming of the grasshoppers, the muttering of the creek. No sound is equal to any other sound. No moment the same as any other.",,,,,
DialogueLine,Bjölf,1,none,"The sighing of the sycamores, the thrumming of the grasshoppers, the muttering of the creek. No sound is equal to any other sound. No moment the same as any other.",,,,,
DialogueLine,Bjölf,2,none,"The sighing of the sycamores, the thrumming of the grasshoppers, the muttering of the creek. No sound is equal to any other sound. No moment the same as any other.",,,,,
DialogueLine,Bjölf,3,none,"The sighing of the sycamores, the thrumming of the grasshoppers, the muttering of the creek. No sound is equal to any other sound. No moment the same as any other.",,,,,
DialogueLine,Bjölf,4,none,"The sighing of the sycamores, the thrumming of the grasshoppers, the muttering of the creek. No sound is equal to any other sound. No moment the same as any other.",,,,,
DialogueLine,Bjölf,5,none,"The sighing of the sycamores, the thrumming of the grasshoppers, the muttering of the creek. No sound is equal to any other sound. No moment the same as any other.",,,,,
DialogueLine,Bonbon,none,FIRST_MEETING,"Hello there friend! _We're Bonbon X. Skellington – three great pals for the price of one!_ *And don't worry, these extra arms are supposed to be here.*",,,,,
DialogueLine,Bonbon,0,none,"You might think it'd be unnerving sharing a skeleton with two other spirits. _But really it's just like having roommates._ *As long as you do your dishes, everything works out just fine.*",,,,,
DialogueLine,Bonbon,1,none,"You might think it'd be unnerving sharing a skeleton with two other spirits. _But really it's just like having roommates._ *As long as you do your dishes, everything works out just fine.*",,,,,
DialogueLine,Bonbon,2,none,"You might think it'd be unnerving sharing a skeleton with two other spirits. _But really it's just like having roommates._ *As long as you do your dishes, everything works out just fine.*",,,,,
DialogueLine,Bonbon,3,none,"You might think it'd be unnerving sharing a skeleton with two other spirits. _But really it's just like having roommates._ *As long as you do your dishes, everything works out just fine.*",,,,,
DialogueLine,Bonbon,4,none,"You might think it'd be unnerving sharing a skeleton with two other spirits. _But really it's just like having roommates._ *As long as you do your dishes, everything works out just fine.*",,,,,
DialogueLine,Bonbon,5,none,"You might think it'd be unnerving sharing a skeleton with two other spirits. _But really it's just like having roommates._ *As long as you do your dishes, everything works out just fine.*",,,,,
DialogueLine,Zuck,none,FIRST_MEETING,"Hey there, name's Zuck – no relation. Don't mind the flesh falling off my bones, or the smell of decay – I don't, ha!",,,,,
DialogueLine,Zuck,0,none,"You ever try and quit something? Like I don't know – video game addiction, ha! Why do I ask, oh no reason.",,,,,
DialogueLine,Zuck,1,none,"I swear, if they make me eat one more cold-blooded, bottom-licking water wriggler... oh, I was just muttering to myself, ha! That's embarrassing.",,,,,
DialogueLine,Zuck,2,none,"You've met Bonbon? They're busting my chops about not ""defiling the order of life,"" saying I should stick to eating fish so I can keep down my ""dukkha footprint,"" ha! Good luck teaching an old corpse new tricks.",,,,,
DialogueLine,Zuck,3,none,"No, you're right – my shoulder's not supposed to be dislocated like that. Had a run-in yesterday with the classic ""family of the deceased coming to seek vengeance"" – still pulling myself back together, ha!",,,,,
DialogueLine,Zuck,4,none,"I ask you, can a tiger change its spots? Or whichever it is, ha! Ugh... even if I wanted to quote ""be good,"" what shot does a guy like me really have, huh?",,,,,
DialogueLine,Zuck,5,none,"*sizzle* Oh yeah, breathe it in, I finally let Bonbon fry me up a slab of salmon. Turns out when you *cook* a fish first, it tastes about a million times better! I'm turning over a new leaf – or a new filet, ha!",,,,,
DialogueLine,Bayla,none,FIRST_MEETING,"Bayla Stoutstein, future Crown Architect of Dwarfdom. See this house? I built it with my own two hands, even that spandrel over there – and I'm just getting started. ",,,,,
DialogueLine,Bayla,0,none,Ever thought about joining the Dwarfmasons? It's basically a big scam to get you non-dwarves to fund our massive underground stoneworking projects. And we're always looking for new members!,,,,,
DialogueLine,Bayla,1,none,Ever thought about joining the Dwarfmasons? It's basically a big scam to get you non-dwarves to fund our massive underground stoneworking projects. And we're always looking for new members!,,,,,
DialogueLine,Bayla,2,none,Ever thought about joining the Dwarfmasons? It's basically a big scam to get you non-dwarves to fund our massive underground stoneworking projects. And we're always looking for new members!,,,,,
DialogueLine,Bayla,3,none,Ever thought about joining the Dwarfmasons? It's basically a big scam to get you non-dwarves to fund our massive underground stoneworking projects. And we're always looking for new members!,,,,,
DialogueLine,Bayla,4,none,Ever thought about joining the Dwarfmasons? It's basically a big scam to get you non-dwarves to fund our massive underground stoneworking projects. And we're always looking for new members!,,,,,
DialogueLine,Bayla,5,none,Ever thought about joining the Dwarfmasons? It's basically a big scam to get you non-dwarves to fund our massive underground stoneworking projects. And we're always looking for new members!,,,,,
DialogueLine,Light,none,FIRST_MEETING,Standard greeting. Identifier equals Hypermayor Light 1.1.5. I am the mayor of this town. I also run the Town Hall Pub & Grill which has an accurate reputation. ,,,,,
DialogueLine,Light,0,none,Description of office: my charge is to maximize U (flourishing of Mythgarden residents) while minimizing V (amount of impact an omniscient observer would attribute to my actions). I find that U and V are somewhat in tension.,,,,,
DialogueLine,Light,1,none,Description of office: my charge is to maximize U (flourishing of Mythgarden residents) while minimizing V (amount of impact an omniscient observer would attribute to my actions). I find that U and V are somewhat in tension.,,,,,
DialogueLine,Light,2,none,Description of office: my charge is to maximize U (flourishing of Mythgarden residents) while minimizing V (amount of impact an omniscient observer would attribute to my actions). I find that U and V are somewhat in tension.,,,,,
DialogueLine,Light,3,none,Description of office: my charge is to maximize U (flourishing of Mythgarden residents) while minimizing V (amount of impact an omniscient observer would attribute to my actions). I find that U and V are somewhat in tension.,,,,,
DialogueLine,Light,4,none,Description of office: my charge is to maximize U (flourishing of Mythgarden residents) while minimizing V (amount of impact an omniscient observer would attribute to my actions). I find that U and V are somewhat in tension.,,,,,
DialogueLine,Light,5,none,Description of office: my charge is to maximize U (flourishing of Mythgarden residents) while minimizing V (amount of impact an omniscient observer would attribute to my actions). I find that U and V are somewhat in tension.,,,,,